{"cameraMode":{"drawMode":0,"name":"Shaded","section":"Shading Mode"},"sceneLighting":true,"audioPlay":false,"sceneViewState":{"showFog":true,"showMaterialUpdate":false,"showSkybox":true,"showFlares":true,"showImageEffects":true,"showParticleSystems":true},"in2DMode":false,"pivot":{"x":0.711669921875,"y":0.736328125,"z":2.681640625},"rotation":{"x":-0.15178821980953217,"y":0.016308099031448365,"z":-0.0025039156898856165,"w":-0.988275408744812},"size":5.711596488952637,"orthographic":true}