{"cameraMode":{"drawMode":0,"name":"Shaded","section":"Shading Mode"},"sceneLighting":true,"audioPlay":false,"sceneViewState":{"showFog":true,"showMaterialUpdate":false,"showSkybox":true,"showFlares":true,"showImageEffects":true,"showParticleSystems":true},"in2DMode":false,"pivot":{"x":0.13982218503952027,"y":0.6870375871658325,"z":3.54703950881958},"rotation":{"x":-0.12295287102460861,"y":-0.02678947150707245,"z":0.003317018738016486,"w":-0.9920454025268555},"size":12.029912948608399,"orthographic":false}