{"cameraMode":{"drawMode":0,"name":"Shaded","section":"Shading Mode"},"sceneLighting":false,"audioPlay":false,"sceneViewState":{"showFog":true,"showMaterialUpdate":false,"showSkybox":true,"showFlares":true,"showImageEffects":true,"showParticleSystems":true},"in2DMode":false,"pivot":{"x":0.8207290172576904,"y":0.08886311948299408,"z":0.5422188639640808},"rotation":{"x":0.22920170426368714,"y":-0.020443500950932504,"z":0.004814969375729561,"w":0.9731523394584656},"size":0.3167974650859833,"orthographic":false}