{"cameraMode":{"drawMode":0,"name":"Shaded","section":"Shading Mode"},"sceneLighting":false,"audioPlay":false,"sceneViewState":{"showFog":true,"showMaterialUpdate":false,"showSkybox":true,"showFlares":true,"showImageEffects":true,"showParticleSystems":true},"in2DMode":false,"pivot":{"x":0.5250394344329834,"y":0.08886311948299408,"z":0.5361749529838562},"rotation":{"x":0.18080465495586396,"y":-0.007380673661828041,"z":0.0013567897258326412,"w":0.9834904074668884},"size":0.3167974650859833,"orthographic":false}