{"cameraMode":{"drawMode":0,"name":"Shaded","section":"Shading Mode"},"sceneLighting":false,"audioPlay":false,"sceneViewState":{"showFog":true,"showMaterialUpdate":false,"showSkybox":true,"showFlares":true,"showImageEffects":true,"showParticleSystems":true},"in2DMode":false,"pivot":{"x":0.3324768841266632,"y":0.08472836017608643,"z":0.385743111371994},"rotation":{"x":0.18080465495586396,"y":-0.007380673661828041,"z":0.0013567897258326412,"w":0.9834904074668884},"size":0.3205175995826721,"orthographic":false}