{"cameraMode":{"drawMode":0,"name":"Shaded","section":"Shading Mode"},"sceneLighting":false,"audioPlay":false,"sceneViewState":{"showFog":true,"showMaterialUpdate":false,"showSkybox":true,"showFlares":true,"showImageEffects":true,"showParticleSystems":true},"in2DMode":false,"pivot":{"x":0.37608879804611208,"y":0.0901382640004158,"z":0.584001362323761},"rotation":{"x":0.2263137400150299,"y":-0.11076699942350388,"z":0.025913055986166,"w":0.9673889875411987},"size":1.5343098640441895,"orthographic":false}