{"cameraMode":{"drawMode":0,"name":"Shaded","section":"Shading Mode"},"sceneLighting":false,"audioPlay":false,"sceneViewState":{"showFog":true,"showMaterialUpdate":true,"showSkybox":true,"showFlares":true,"showImageEffects":true,"showParticleSystems":true},"in2DMode":false,"pivot":{"x":-0.027193546295166017,"y":1.1437640190124512,"z":-1.640699863433838},"rotation":{"x":-0.18228499591350556,"y":0.00206379103474319,"z":-0.00037960216286592185,"w":-0.9832435250282288},"size":11.03839111328125,"orthographic":false}