{"cameraMode":{"drawMode":0,"name":"Shaded","section":"Shading Mode"},"sceneLighting":false,"audioPlay":false,"sceneViewState":{"showFog":true,"showMaterialUpdate":true,"showSkybox":true,"showFlares":true,"showImageEffects":true,"showParticleSystems":true},"in2DMode":false,"pivot":{"x":0.04815232753753662,"y":0.4476954936981201,"z":1.4533319473266602},"rotation":{"x":-0.13488887250423432,"y":-0.011296809650957585,"z":0.0015410257037729025,"w":-0.9907951354980469},"size":7.090155124664307,"orthographic":false}