{"cameraMode":{"drawMode":0,"name":"Shaded","section":"Shading Mode"},"sceneLighting":false,"audioPlay":false,"sceneViewState":{"showFog":true,"showMaterialUpdate":false,"showSkybox":true,"showFlares":true,"showImageEffects":true,"showParticleSystems":true},"in2DMode":false,"pivot":{"x":1.111993432044983,"y":0.08027912676334381,"z":-0.414975643157959},"rotation":{"x":-0.2499067634344101,"y":0.701686680316925,"z":-0.29200583696365359,"w":-0.5999292731285095},"size":1.0380803346633912,"orthographic":false}