{"cameraMode":{"drawMode":0,"name":"Shaded","section":"Shading Mode"},"sceneLighting":true,"audioPlay":false,"sceneViewState":{"showFog":true,"showMaterialUpdate":false,"showSkybox":true,"showFlares":true,"showImageEffects":true,"showParticleSystems":true},"in2DMode":false,"pivot":{"x":0.00483211874961853,"y":-0.40886086225509646,"z":1.002310872077942},"rotation":{"x":0.24134555459022523,"y":0.16495224833488465,"z":-0.04204582795500755,"w":0.9553927779197693},"size":1.0104212760925294,"orthographic":false}