{"cameraMode":{"drawMode":0,"name":"Shaded","section":"Shading Mode"},"sceneLighting":false,"audioPlay":false,"sceneViewState":{"showFog":true,"showMaterialUpdate":false,"showSkybox":true,"showFlares":true,"showImageEffects":true,"showParticleSystems":true},"in2DMode":false,"pivot":{"x":0.769582986831665,"y":0.07274894416332245,"z":-0.134123295545578},"rotation":{"x":-0.2499067783355713,"y":0.701686680316925,"z":-0.29200583696365359,"w":-0.5999292731285095},"size":0.9829418063163757,"orthographic":false}